confidence_0,confidence_1,confidence_2,confidence_3,confidence_4,confidence_5,confidence_6,true_label
0.9754425,0.024140358,0.000121733814,2.6955565e-06,7.679229e-05,0.00018668217,2.9265146e-05,0
0.0,0.0,1.6284426e-08,4.1638368e-10,1.0,0.0,0.0,4
0.9499436,0.0493472,0.00020510012,3.7655714e-06,0.00011726758,0.000335163,4.7908874e-05,0
0.9753369,0.024285363,0.00011144891,2.2506974e-06,7.031329e-05,0.00016907525,2.4608302e-05,0
6.1959167e-06,0.9570768,0.0030722304,4.1500414e-05,0.0002578698,0.028407395,0.01113809,1
0.9753396,0.024282265,0.00011156915,2.2557072e-06,7.0401176e-05,0.00016929113,2.4660312e-05,0
0.0,1.5e-44,0.001151547,0.9988484,9.8318715e-08,2.360614e-30,1.06834194e-16,3
1.1414769e-23,8.678533e-07,0.001195326,8.955457e-08,7.1378616e-07,0.9925776,0.006225376,5
8.273718e-34,8.142261e-17,0.9928115,0.0063165347,2.3829893e-05,1.0432206e-14,0.00084803236,2
0.9753439,0.02427717,0.00011177111,2.2648026e-06,7.0529e-05,0.00016963581,2.4751167e-05,0
1.5209609e-28,7.0908914e-09,0.7444464,0.00013430393,2.6318032e-05,0.0019405661,0.25345233,2
0.0,0.0,1.160496e-10,3.2884468e-27,1.0,0.0,0.0,4
0.0,2.312203e-31,0.00059513166,0.9994045,3.4876743e-07,1.0516715e-24,3.2895767e-12,3
0.0,1.537e-42,0.0038217143,0.99617785,4.8728447e-07,3.4098074e-27,1.8516218e-16,3
0.0,0.0,1.3539556e-09,2.3019475e-09,1.0,0.0,0.0,4
1.628371e-21,4.0013965e-06,0.961995,2.1003056e-07,2.5494792e-05,0.00022498831,0.037750375,6
0.0,0.0,4.624553e-14,3.7298282e-17,1.0,0.0,0.0,4
0.0,4.4828584e-34,0.0036426163,0.9963571,3.363688e-07,1.4112792e-24,1.1695781e-11,3
4.9e-44,4.1948372e-22,0.9669672,0.033009987,1.9993664e-05,1.2840168e-13,2.8193024e-06,2
6.1649732e-24,1.3702875e-06,0.007916257,2.771288e-06,5.185588e-07,0.0018763968,0.99020267,6
0.0,4.315291e-33,0.999562,0.0004372428,7.60906e-07,3.359687e-16,1.9456268e-08,2
8.435834e-18,0.019851726,0.0038569537,1.4273811e-06,5.9230338e-06,0.85218704,0.12409692,5
0.0,0.0,1.9116209e-05,8.948769e-07,0.9999799,2.6174344e-38,3e-45,4
0.0,4.578e-42,0.99999994,2.9008476e-10,1.8461415e-07,1.7524274e-23,2.6702577e-18,2
0.00050785753,0.9463563,0.005691002,0.00014126267,0.000869996,0.032357857,0.014075719,1
6.6241593e-21,0.00018493569,0.0042333445,1.9187476e-06,7.401232e-07,0.0074502984,0.9881287,6
4.712017e-21,0.0007962929,0.003954608,1.1854708e-06,6.9882395e-07,0.071835965,0.92341125,6
0.0,0.0,1.3761702e-15,2.556031e-30,1.0,0.0,0.0,4
0.0,0.0,9.175971e-07,1.8265288e-08,0.99999917,2e-43,0.0,4
0.71726793,0.27628067,0.0015829549,3.8890896e-05,0.000701902,0.0033970084,0.00073067815,0
0.0,0.0,5.9920495e-09,4.1276066e-11,1.0,0.0,0.0,4
1.9733854e-23,9.060228e-07,0.063588694,7.5993203e-06,2.4994313e-05,0.8035608,0.13281699,5
3.1723776e-26,1.7810361e-08,0.06243766,0.0009327025,6.326765e-06,3.5399955e-07,0.9366229,6
2.0051815e-05,0.95210946,0.0039126403,6.627867e-05,0.00040078152,0.030722197,0.012768655,1
0.9753369,0.024285363,0.00011144891,2.2506974e-06,7.031329e-05,0.00016907525,2.4608302e-05,0
0.0,0.0,1.427881e-08,5.1682365e-12,1.0,0.0,0.0,4
0.0,5.89e-43,0.9999999,1.6197507e-09,2.1808229e-07,3.9896586e-25,1.4511648e-18,2
4.109403e-06,0.95726144,0.0030987086,4.1405165e-05,0.0002613134,0.02827455,0.011058542,1
0.32355267,0.65873456,0.0038245812,9.467208e-05,0.0013780753,0.009948549,0.002466901,1
1.8274231e-07,0.9642172,0.0020113352,1.7355955e-05,0.00011556968,0.024824863,0.008813524,1
0.012226254,0.9504445,0.005692075,0.00014308396,0.0012957829,0.02255221,0.0076461113,1
0.0,3.7551398e-37,0.019846553,0.9801515,1.9507772e-06,2.2765439e-25,6.600735e-14,3
5.6140137e-10,0.6891266,0.0053446623,1.9688068e-05,9.9393445e-05,0.24032809,0.06508165,1
1.6031729e-09,0.7963239,0.0044501596,1.8950846e-05,0.00010241463,0.1550106,0.04409393,1
5.9650134e-19,0.008124148,0.0041997978,1.5484314e-06,2.4109263e-06,0.61319435,0.37447768,5
0.9753369,0.024285363,0.00011144891,2.2506974e-06,7.031329e-05,0.00016907525,2.4608302e-05,0
0.0,7.698549e-39,4.0528954e-05,0.99995947,9.588597e-09,1.1975153e-29,4.8108835e-14,3
4.220118e-11,0.98491013,0.00044551998,8.8563473e-07,9.21328e-06,0.012035449,0.0025988054,1
1.5021224e-35,1.4338137e-21,0.76399314,3.1089877e-22,3.789025e-08,0.23600678,3.698659e-15,2
0.0,0.0,6.196076e-05,0.999938,2.4948024e-08,1.1028973e-35,4.4403395e-21,3
3.75905e-09,0.86136985,0.003669695,1.7602835e-05,0.0001006355,0.10406975,0.030772472,1
0.53567135,0.45306024,0.0026098944,6.434196e-05,0.0010516396,0.006132395,0.0014101771,1
3.5210285e-10,0.7498762,0.004394867,1.5047081e-05,7.988417e-05,0.19371584,0.051918127,1
6.9204963e-14,0.041919343,0.0030999002,4.221591e-06,1.3369926e-05,0.8000862,0.15487696,5
0.9754239,0.0241818,0.00011579142,2.438545e-06,7.308161e-05,0.00017647061,2.6556356e-05,0
2.3863822e-28,1.4531193e-10,0.87628734,0.0001924601,0.00014683088,0.023870856,0.09950248,6
0.0,1.717e-42,0.0036264826,0.9963733,1.8706513e-07,4.8133525e-28,2.3440826e-15,3
0.0,0.0,0.00019677123,0.99980325,4.5704997e-08,2.3745366e-33,3.011487e-19,3
1.3168974e-21,0.0020432796,0.2449827,4.407999e-05,0.00024569253,0.74485236,0.00783184,5
0.0,0.0,2.7910914e-07,0.9999999,5.4079754e-09,0.0,1.4663011e-27,3
9.218041e-09,0.97008216,0.0013107893,7.349942e-06,5.2167758e-05,0.02161101,0.006936474,1
0.0,0.0,1.7217204e-08,1.396359e-09,1.0,0.0,0.0,4
1.4511597e-27,1.8900108e-08,0.011908696,2.5118804e-06,2.052658e-07,0.0006470273,0.98744154,6
0.9753376,0.02428453,0.0001114794,2.251975e-06,7.033311e-05,0.00016913089,2.462039e-05,0
0.0,6e-45,0.00078726007,0.9992125,1.2770471e-07,6.1221166e-31,1.4447136e-17,3
5.49504e-35,1.0420218e-12,0.76142675,0.23762165,0.0009444919,2.1227773e-09,7.1835398e-06,2
6.0532045e-08,0.9648767,0.0017792615,1.3059119e-05,8.864096e-05,0.024788463,0.008453853,1
0.0,0.0,1.3512689e-25,1.3019857e-35,1.0,0.0,0.0,4
0.6602235,0.33188194,0.0019018314,4.680131e-05,0.00081852963,0.004203279,0.0009240869,0
0.14176837,0.85717565,0.00030239808,5.15523e-07,0.00010126707,0.0006322084,1.9628174e-05,1
3.975289e-25,1.5829585e-08,0.013661452,6.485752e-06,6.248581e-07,0.0001460315,0.9861855,6
2.2033377e-31,8.828202e-14,0.30727005,0.00095651526,4.0533473e-06,5.37421e-08,0.69176936,6
0.9753369,0.024285363,0.00011144891,2.2506974e-06,7.031329e-05,0.00016907525,2.4608302e-05,0
0.44321382,0.54281837,0.003140988,7.760501e-05,0.0012043109,0.007712041,0.001832907,0
3.1666483e-14,0.107235245,0.0038422665,4.2337792e-06,1.4468823e-05,0.7128744,0.1760294,5
0.0,1.799e-41,0.005823309,0.99417645,2.326606e-07,2.1221e-27,2.1581082e-14,3
0.0,0.0,0.00018946563,0.9998106,1.586709e-08,7.4979265e-34,2.2448499e-18,3
5.849889e-15,0.5135179,0.0022344461,9.070344e-07,8.443193e-06,0.44315293,0.041085396,1
0.0,0.0,3.4771677e-09,1.1827705e-10,1.0,0.0,0.0,4
0.0,4.5e-44,0.00093174144,0.99906814,1.2398468e-07,7.436555e-31,5.494536e-17,3
1.2614796e-09,0.8902501,0.0027664804,1.1279055e-05,6.811238e-05,0.08311617,0.023787932,1
1.08049e-40,3.79663e-21,0.9891827,0.010745482,1.19470305e-05,2.4592023e-13,5.976695e-05,2
0.0,1.8173082e-35,0.058068063,0.9419272,4.8002303e-06,1.4792085e-22,1.3412846e-12,3
0.0,0.0,1.7182826e-10,1.0,7.1805743e-12,7e-45,3.685496e-24,3
3.31155e-40,1.1214318e-19,0.99947536,0.0001713635,0.00035231293,7.1563926e-07,2.2359315e-07,2
3.0688546e-37,8.905263e-18,0.99056375,0.008098961,1.432276e-05,9.096603e-12,0.0013230226,2
5.7400534e-10,0.89521676,0.0024887945,9.127801e-06,5.591624e-05,0.07989637,0.022332985,1
2.0551631e-26,1.865912e-08,0.016274314,5.4879996e-07,7.724273e-06,0.9812849,0.0024324765,6
1.7264284e-07,0.96437913,0.0019908943,1.7003193e-05,0.00011337193,0.024738843,0.00876054,1
5.7016115e-23,9.626099e-05,0.008124049,1.7990167e-05,1.2061082e-06,0.00012348738,0.991637,6
1.4638661e-15,0.009523596,0.0016727254,1.5493738e-06,4.1070894e-06,0.8448049,0.14399305,5
0.0,1.2908752e-34,0.00023335502,0.9997665,7.143627e-08,4.9985035e-27,5.1824013e-13,3
0.857399,0.13955817,0.0007909088,1.9367133e-05,0.00039251853,0.0015344088,0.0003056959,0
9.18797e-15,0.42097345,0.009277322,8.31731e-06,2.1605878e-05,0.21562998,0.35408932,5
3.1581535e-36,1.2934518e-18,0.9348829,0.06400312,0.0011114724,5.0631355e-10,2.5045906e-06,2
0.934379,0.06429302,0.0003628399,8.851256e-06,0.00020011225,0.0006380464,0.00011815252,0
1.1469511e-12,0.13506223,0.004641732,8.273531e-06,3.0576266e-05,0.7091284,0.15112878,5
1.2397e-41,3.4644688e-25,0.9999979,2.8481253e-07,1.7632858e-06,1.6680974e-17,8.172687e-09,2
5.2688868e-14,0.16954169,0.0045398576,5.142229e-06,1.8111472e-05,0.6410934,0.18480179,1
0.0,3.517813e-35,0.025754485,0.97422224,2.3333236e-05,6.360844e-22,3.402538e-14,3
0.0,1.151745e-25,0.8875183,0.11244064,4.1013114e-05,9.664854e-15,2.1979961e-08,2
1.9035199e-38,3.074848e-18,0.9994763,8.1133396e-05,0.0004358555,6.3673956e-06,3.813877e-07,2
0.0,0.0,1.9341169e-08,5.5164484e-10,1.0,0.0,0.0,4
0.0,2.62e-43,0.9999998,1.0577203e-08,3.2213563e-07,4.092919e-28,4.1476157e-19,2
7.3489257e-22,4.2474177e-05,0.006155114,2.5147694e-06,9.1807465e-07,0.005243448,0.98855555,6
8.54698e-34,3.7107287e-14,0.9951937,2.2216735e-05,0.0005077499,0.0042666593,9.67363e-06,2
0.0076100617,0.9529109,0.005728467,0.00014424766,0.0012299495,0.023935838,0.008440538,1
0.0,0.0,2.184033e-10,3.993382e-20,1.0,0.0,0.0,4
0.0,0.0,6.0383314e-08,8.151099e-08,0.99999994,0.0,0.0,4
0.0,0.0,1.05685906e-07,1.0,9.789307e-10,1.0388e-41,2.8317747e-25,3
2.682e-41,7.2920333e-22,0.9954672,0.004505371,1.0100983e-05,1.5114877e-13,1.7413937e-05,2
4.4557674e-10,0.9320861,0.001749822,5.817065e-06,4.0406157e-05,0.052235678,0.013882156,1
1.0772731e-35,6.9106893e-16,0.9213849,0.0037752409,7.6007414e-06,3.1945637e-09,0.07483232,2
3.217788e-06,0.95728713,0.0030288005,3.954029e-05,0.00024770037,0.028318085,0.011075487,1
0.6674458,0.32484874,0.0018607135,4.5779027e-05,0.0008041258,0.004096857,0.0008979048,0
5e-44,2.2228362e-23,0.998287,0.0015857461,3.6028432e-06,1.31469115e-11,0.00012361538,2
8e-45,8.3187355e-27,0.99993056,6.731699e-05,2.08972e-06,1.2304927e-19,8.6868205e-08,2
0.0,0.0,9.1692076e-05,0.99990845,2.2678181e-08,3.8339139e-34,9.424168e-20,3
9.125809e-22,0.00010039225,0.0021909904,7.078473e-07,2.8025383e-07,0.030782135,0.96692544,6
5.919357e-09,0.91360706,0.0027386826,1.412995e-05,8.6566135e-05,0.064006105,0.019547462,1
0.0,0.0,1.1537317e-09,2.7511478e-09,1.0,0.0,0.0,4
0.0,0.0,0.00036843133,0.9996316,1.690225e-08,3.28819e-32,2.5599453e-17,3
7.1749923e-38,6.973772e-19,0.9970504,0.001336011,8.104436e-06,4.684245e-10,0.0016054439,2
5.901478e-26,4.0450104e-08,0.0030104173,1.3701796e-07,1.426307e-06,0.9945471,0.0024409126,6
6.5951375e-17,0.046219308,0.01927711,1.5502896e-05,1.5353173e-05,0.016295835,0.91817683,1
0.0,6.0773616e-33,0.0032524175,0.99674726,3.5751074e-07,3.7963422e-24,2.7385778e-11,3
1.5369045e-32,7.741621e-17,0.9999235,7.1825247e-07,4.595273e-06,1.5774827e-10,7.1154805e-05,2
3e-44,4.1181363e-23,0.9029475,0.09702207,2.388741e-05,1.4437109e-14,6.538883e-06,2
0.0,0.0,7.560569e-21,2.3495838e-32,1.0,0.0,0.0,4
0.0,0.0,0.00086714816,0.9991328,6.1163654e-08,3.2441466e-30,3.4675838e-17,3
0.0,0.0,1.596539e-05,5.9772286e-05,0.9999242,1.9198282e-38,1.98e-43,4
0.0,0.0,0.000109802924,0.99989015,1.5753388e-08,1.5766172e-34,3.8040286e-19,3
3.7446678e-06,0.9569065,0.0030900068,4.120574e-05,0.00025721957,0.02850036,0.011200921,1
4.63346e-40,5.911228e-19,0.9915195,0.008412228,6.339577e-05,5.87452e-11,4.8548754e-06,2
7.287095e-22,0.001727684,0.054576743,1.0580569e-05,1.1669891e-05,0.36809185,0.57558143,6
0.0,0.0,7.209972e-09,1.9118661e-10,1.0,0.0,0.0,4
0.7096086,0.2837577,0.0016232756,3.9863713e-05,0.00071857014,0.0034979854,0.0007539417,0
0.0,0.0,1.1112796e-10,1.0858289e-18,1.0,0.0,0.0,4
6.9842787e-10,0.5570343,0.0066738264,2.6092592e-05,0.00011908705,0.34382594,0.0923208,5
8.8521975e-37,5.059919e-21,0.9924689,4.679032e-09,0.00753117,1.08926174e-10,1.1954e-16,2
3.0749492e-15,0.034777153,0.003135677,2.855451e-06,7.816113e-06,0.74870646,0.21337003,5
2.0468277e-23,1.8430055e-06,0.004912339,1.9591691e-06,3.6297274e-07,0.0014452866,0.99363816,6
0.9753369,0.024285363,0.00011144891,2.2506974e-06,7.031329e-05,0.00016907525,2.4608302e-05,0
0.94378704,0.055088334,0.00030992014,7.5459975e-06,0.00017499116,0.00053457153,9.759919e-05,0
0.0003083503,0.94555753,0.0055135135,0.00013252538,0.0007897719,0.033097085,0.014601265,1
0.0,0.0,0.00011019793,0.9998898,1.796879e-08,1.1838238e-33,2.2349322e-19,3
0.0,4.016e-42,0.9020789,0.097918,3.0476278e-06,5.725212e-25,2.052152e-13,2
0.0,0.0,7.152154e-09,2.4234711e-12,1.0,0.0,0.0,4
0.9753369,0.024285363,0.00011144891,2.2506974e-06,7.031329e-05,0.00016907525,2.4608302e-05,0
0.0,1.74e-43,0.9999999,2.1946476e-09,2.7710752e-07,1.7885373e-26,2.2100958e-19,2
0.9753369,0.024285363,0.00011144891,2.2506974e-06,7.031329e-05,0.00016907525,2.4608302e-05,0
0.9753369,0.024285363,0.00011144891,2.2506974e-06,7.031329e-05,0.00016907525,2.4608302e-05,0
0.9753487,0.024271378,0.00011200966,2.2756699e-06,7.067695e-05,0.000170019,2.4855433e-05,1
0.0,7.211146e-38,0.021292439,0.9787063,1.208176e-06,4.537129e-25,2.1461302e-13,3
4.2146983e-36,1.1126615e-17,0.8393486,0.011105865,5.3897884e-06,6.054844e-11,0.14954016,2
2.0424315e-21,1.3957587e-06,5.3695916e-05,1.3506202e-12,3.8129415e-09,0.9998824,6.24768e-05,5
1.3510982e-23,9.26381e-06,0.0023838414,7.104307e-07,1.4642559e-07,0.0041937144,0.9934123,6
1.3167021e-14,0.044531435,0.0027430772,2.9105754e-06,9.339873e-06,0.79758996,0.15512325,5
0.94989514,0.04911088,0.0002756463,6.7260944e-06,0.00015821723,0.00046868157,8.471747e-05,0
0.9753962,0.024165653,0.00012712664,2.9291389e-06,8.017625e-05,0.00019606709,3.175335e-05,0
6.1839127e-15,4.4758326e-07,6.884599e-05,1.6252472e-11,2.6240093e-08,0.99985695,7.374707e-05,1
0.8645604,0.13255502,0.0007521206,1.8377104e-05,0.0003760391,0.0014505043,0.00028754765,1
1.4839983e-35,1.3261361e-15,0.9987091,2.1261916e-05,0.0005822151,0.00068623683,1.1728004e-06,2
0.9753369,0.024285363,0.00011144891,2.2506974e-06,7.031329e-05,0.00016907525,2.4608302e-05,0
0.0,1.263814e-33,0.07085843,0.9291071,3.4487275e-05,1.1335951e-20,2.3778996e-13,3
0.97288245,0.026611084,0.000145568,3.466018e-06,9.046216e-05,0.00022851849,3.8415244e-05,0
1e-45,7.558207e-24,0.9022522,0.09770437,4.3317035e-05,6.7991186e-15,9.948087e-08,2
1.7389551e-13,0.08748739,0.0036818895,5.2294276e-06,1.8446352e-05,0.7578649,0.15094218,1
1.5952739e-10,0.010840717,0.004723177,4.5853258e-06,4.020397e-05,0.92318135,0.061210006,5
1.9401134e-20,0.00020493365,0.0071061323,3.7909927e-06,1.5568388e-06,0.005473833,0.9872098,6
2.0843635e-10,0.99998784,1.6270147e-06,3.7032287e-19,1.4984036e-09,1.0503264e-05,7.847526e-13,1
1.4851556e-29,6.18386e-07,0.9877396,0.010415696,0.00080860796,0.00019414428,0.0008413795,6
0.0,2.078221e-39,0.007648134,0.99235094,8.246569e-07,4.4344325e-27,5.7595204e-15,3
0.0,0.0,3.0323502e-10,2.254955e-22,1.0,0.0,0.0,4
8.438456e-37,9.432994e-17,0.99945116,6.2356616e-05,0.00041709645,6.744012e-05,1.8921529e-06,2
5.568509e-25,3.1529996e-09,0.1369345,1.5205378e-06,2.698521e-06,0.0015007397,0.86156064,6
3e-44,3.2185001e-27,0.99999857,2.38335e-07,1.1411763e-06,1.5787595e-18,2.2167632e-09,2
5.403629e-22,0.00021770326,0.042440794,1.1361529e-05,7.4634213e-06,0.06908912,0.88823354,6
3.55648e-40,9.502051e-19,0.99407715,0.0055708457,1.0024436e-05,3.590175e-11,0.00034199186,2
4.154052e-15,0.2619242,0.009251967,7.766282e-06,1.8732697e-05,0.29820222,0.43059507,5
0.6466631,0.34508827,0.001978961,4.8695372e-05,0.0008452335,0.004403074,0.0009725999,0
0.0,0.0,1.1198221e-05,0.99998885,6.11844e-09,7.815746e-37,1.2142427e-21,3
0.9753369,0.024285363,0.00011144891,2.2506974e-06,7.031329e-05,0.00016907525,2.4608302e-05,0
6.8271076e-11,0.41946253,0.006114647,1.7532297e-05,7.629703e-05,0.46086133,0.11346766,5
0.0,9e-43,0.001764628,0.9982352,2.0433761e-07,9.5636565e-30,2.3795138e-16,3
6.4e-44,7.8325275e-22,0.9699976,0.029970795,3.0608648e-05,2.494606e-13,1.0853067e-06,2
4.0658137e-14,0.102902,0.0031090737,3.528512e-06,1.2985611e-05,0.7523037,0.1416687,5
0.0,0.0,5.214132e-12,1.290261e-17,1.0,0.0,0.0,4
0.0,0.0,1.8623103e-05,0.99998116,2.678439e-07,2.707748e-34,8.918643e-22,3
0.0,1.4459057e-35,6.566434e-05,0.9999343,2.989558e-08,2.6324988e-28,9.6242e-14,3
0.97542197,0.024185324,0.00011534798,2.4200776e-06,7.282206e-05,0.00017575746,2.6376474e-05,0
0.0,0.0,7.4607975e-08,4.0763923e-10,1.0,0.0,0.0,4
0.94676477,0.052173965,0.0002933047,7.1449745e-06,0.00016691026,0.0005025824,9.12949e-05,0
2.439284e-05,0.95380336,0.0038733059,6.4977765e-05,0.0004058874,0.029732956,0.012095148,1
0.0,0.0,3.1745342e-10,1.2732146e-21,1.0,0.0,0.0,4
5.4960264e-10,0.68696177,0.0053581945,1.9688647e-05,9.9243494e-05,0.24204446,0.06551665,5
0.0,0.0,5.450558e-05,0.99994546,1.27909825e-08,7.6375765e-36,1.7248776e-20,3
1.0370821e-38,1.874788e-18,0.99988234,2.729473e-07,0.000117198644,2.46059e-07,2.0778665e-09,2
0.0,0.0,6.157604e-13,1.8609104e-23,1.0,0.0,0.0,4
0.97363955,0.025873844,0.0001401376,3.3103581e-06,8.7681234e-05,0.000219033,3.642956e-05,0
0.0,0.0,3.1343694e-05,0.99996865,8.60726e-09,7.84674e-37,2.9453801e-21,3
0.0,0.0,8.007712e-11,1.0,3.5429912e-12,0.0,3.862781e-26,3
0.0,0.0,4.03531e-08,1.5366607e-09,1.0,0.0,0.0,4
0.0,0.0,2.0980127e-05,7.050957e-07,0.99997824,1.3917776e-38,3e-45,4
3.1894865e-07,0.9629774,0.0021785165,2.0378437e-05,0.00013396483,0.025473591,0.009215737,1
0.0,0.0,4.1921324e-11,1.2025897e-21,1.0,0.0,0.0,4
2.6567936e-23,4.9632863e-08,0.0043095546,1.945364e-09,1.5626876e-05,0.9956736,1.1479395e-06,5
4.4715015e-20,0.033340637,0.029338524,7.0783253e-06,2.0192392e-05,0.84444594,0.092847675,5
4e-45,4.3597317e-20,0.0004539197,0.9995453,1.6713246e-07,6.548764e-20,6.5301384e-07,2
0.0,0.0,1.3906919e-21,5.803841e-31,1.0,0.0,0.0,4
1.02248444e-13,0.1571772,0.003596805,4.4020494e-06,1.7332473e-05,0.7021636,0.13704059,5
2.76832e-40,2.1323024e-21,0.9999216,6.712617e-05,6.5504137e-06,1.8103272e-11,4.6628184e-06,2
0.9753369,0.024285363,0.00011144891,2.2506974e-06,7.031329e-05,0.00016907525,2.4608302e-05,0
4e-45,1.0926463e-22,0.96294343,0.03702984,2.5822454e-05,1.6375983e-13,9.082144e-07,2
0.0,0.0,9.452796e-10,1.0,1.241308e-11,5.054e-42,1.1505428e-21,3
0.8922495,0.105498046,0.00059694407,1.4597561e-05,0.00030859897,0.0011158435,0.00021652796,0
8.934862e-14,0.05351609,0.003272759,4.479872e-06,1.4692309e-05,0.7892832,0.15390877,5
0.0,0.0,2.0771324e-05,0.9999789,3.8340735e-07,8.027e-41,3.173096e-26,3
0.0,0.0,0.00017539907,0.9998246,2.6716272e-08,9.97839e-34,4.1355223e-19,3
0.0,0.0,8.328655e-06,0.9999917,8.8890015e-09,2.386881e-33,1.03281015e-19,3
0.0,0.0,3.4212277e-09,1.0885347e-10,1.0,0.0,0.0,4
8.051228e-23,7.151977e-06,0.008528522,2.6612595e-06,9.943433e-07,0.014390467,0.9770702,6
0.0,1.1e-44,0.00071186153,0.999288,1.0256994e-07,2.7246584e-31,2.7333915e-17,3
1.138617e-17,0.0015859322,0.0007742187,4.4264473e-07,9.3902963e-07,0.86943567,0.12820286,5
0.0,0.0,1.6516112e-06,0.9999984,7.1264294e-10,5.53e-42,6.8324545e-25,3
4.8138792e-32,3.6164782e-12,0.9015142,0.0006464491,1.7549342e-05,4.291954e-06,0.09781754,6
0.9753369,0.024285363,0.00011144891,2.2506974e-06,7.031329e-05,0.00016907525,2.4608302e-05,0
0.0,0.0,1.3144056e-05,2.7680368e-05,0.99995923,7.5552223e-38,1.18e-43,4
2.8945137e-09,0.8454295,0.0038893826,1.8051014e-05,0.00010155539,0.11644191,0.0341196,5
2.293475e-18,5.6325874e-08,8.064932e-05,1.2952469e-08,3.681108e-08,0.97773325,0.022186063,5
7.700103e-12,0.34730133,0.0053413645,1.1286211e-05,4.8880585e-05,0.5268005,0.120496616,5
0.0,0.0,4.272037e-09,1.7504755e-10,1.0,0.0,0.0,4
5.054534e-11,0.4035757,0.0061921007,1.6865053e-05,7.384055e-05,0.474224,0.11591751,1
1.5185743e-18,0.0186847,0.005187927,1.9955482e-06,3.603355e-06,0.63724905,0.33887273,5
1.3823556e-12,0.29413864,0.007861533,1.4431768e-08,0.00011619937,0.69786006,2.3565084e-05,1
3.031188e-34,1.9948109e-14,0.99544805,1.7775948e-05,0.00056047476,0.0039693294,4.3899267e-06,2
9.630541e-31,2.2085285e-11,0.5425162,0.00023127443,1.787398e-05,0.0005822717,0.45665237,2
1.8794641e-31,3.2631103e-12,0.64716256,0.0004201595,1.9242163e-05,9.275083e-05,0.35230535,2
8.632876e-39,6.272589e-20,0.9300097,0.027713533,4.017076e-06,1.0185199e-12,0.04227282,2
0.9753369,0.024285363,0.00011144891,2.2506974e-06,7.031329e-05,0.00016907525,2.4608302e-05,0
1.0683616e-21,0.00079870987,0.009166641,2.3080795e-06,1.4128252e-06,0.08363162,0.9063993,6
7.0775614e-28,5.270318e-09,0.005614463,1.3748968e-06,7.8086494e-08,0.00020172924,0.99418235,6
1.0977096e-13,4.067839e-05,0.00017178421,1.6166546e-11,9.898466e-08,0.9997468,4.0685285e-05,5
2.8158e-41,1.0411384e-19,0.99126786,0.0086160395,1.1084072e-05,6.8820557e-12,0.00010497955,2
2.0962613e-33,4.588584e-12,0.950632,0.00044291734,1.3328861e-05,9.439303e-06,0.048902307,2
7e-45,1.3264095e-22,0.9632897,0.03667795,3.194341e-05,2.3444647e-13,4.6055018e-07,2
1.260185e-10,0.512812,0.006113934,1.8623754e-05,8.5988075e-05,0.3835169,0.0974525,1
8.482e-42,2.789443e-20,0.9821986,0.017767685,2.9303592e-05,7.7708375e-13,4.338836e-06,2
4.9387325e-34,5.783851e-16,0.99615514,0.0026889835,0.0011541436,3.6865634e-07,1.3852925e-06,2
0.8348363,0.16158691,0.0009181601,2.247944e-05,0.00044602234,0.0018215592,0.00036861084,0
2.0922242e-24,1.6547791e-07,0.005799725,1.2333281e-07,4.889358e-06,0.9933086,0.0008864393,5
0.0,1.22e-43,1.0,8.0512186e-10,1.2186268e-07,1.1373961e-24,4.393932e-18,2
0.9753369,0.024285363,0.00011144891,2.2506974e-06,7.031329e-05,0.00016907525,2.4608302e-05,0
2.4274612e-16,0.0422639,0.006001227,4.0675427e-06,7.69706e-06,0.44817522,0.5035479,1
8.189358e-09,0.9083895,0.002953426,1.5955777e-05,9.6457916e-05,0.06767775,0.02086689,1
1.953681e-20,0.0029105125,0.005070112,1.4563583e-06,1.210642e-06,0.17367972,0.818337,6
3.180746e-38,5.8366846e-19,0.996957,0.0027378385,1.2685181e-05,2.588753e-11,0.00029241448,2
0.0,0.0,1.08219185e-08,1.0,1.2739522e-09,4e-45,5.056922e-29,3
8.9225e-41,2.210857e-24,0.9999988,2.2960467e-13,2.658206e-07,9.4892073e-07,5.0084675e-10,2
1.07423625e-35,2.358258e-18,0.9731551,0.013716183,2.6159782e-05,1.06360136e-10,0.013102653,2
0.0,3e-45,0.00012727363,0.00026729924,0.99960536,6.241213e-35,6.167001e-39,4
0.0,0.0,4.2911887e-17,8.622064e-29,1.0,0.0,0.0,4
5.8081475e-18,0.010957283,0.003248208,1.491542e-06,2.677063e-06,0.62745446,0.35833588,5
0.0,1.6453393e-29,0.9999986,3.5357445e-08,1.3057866e-06,7.373086e-14,2.1137463e-11,2
2.5018271e-29,1.7919156e-09,0.8367664,0.0001767039,2.7160018e-05,0.0007537937,0.16227591,2
0.0,0.0,6.180885e-05,0.00012941228,0.9998087,6.784716e-36,2.10322e-40,4
0.0,0.0,1.7382826e-11,4.20961e-17,1.0,0.0,0.0,4
7.656747e-10,0.00025405074,0.0015380381,5.2395713e-08,7.092681e-06,0.99550205,0.0026987323,1
6.878773e-13,0.95532846,0.00056139595,1.7356064e-07,4.597801e-06,0.041420136,0.0026851543,1
0.0,0.0,2.5930808e-08,5.158378e-09,1.0,0.0,0.0,4
0.0,2.356814e-25,0.8053124,0.19463567,5.1978095e-05,5.512949e-16,1.1014238e-08,2
0.0,0.0,6.8312675e-19,7.3840474e-31,1.0,0.0,0.0,4
3.473186e-28,2.0762096e-09,0.017422363,4.7586827e-06,2.6331492e-07,0.00016422788,0.9824084,6
3.4320574e-38,3.2189229e-18,0.9916137,0.008162458,2.007597e-05,5.6633686e-12,0.00020378013,2
0.0,0.0,0.00016313829,0.9998369,3.2346637e-08,3.7335456e-33,1.4899077e-18,3
1.74e-43,5.1623666e-27,0.9999994,1.2228291e-08,6.176447e-07,1.9348144e-16,2.8315845e-09,2
0.0,0.0,1.3231437e-05,0.99998677,5.6724634e-09,3.392958e-36,1.3376645e-20,3
0.0,0.0,6.187495e-08,1.7963194e-09,1.0,0.0,0.0,4
0.0,7.619605e-29,0.5607461,0.43922913,2.47902e-05,1.6672757e-17,3.5992294e-09,3
0.7452032,0.24904509,0.0014253523,3.4993256e-05,0.00064374274,0.0030088113,0.00063886336,1
0.9753369,0.024285363,0.00011144891,2.2506974e-06,7.031329e-05,0.00016907525,2.4608302e-05,0
2.1249486e-20,0.00028022483,0.0049580326,1.1641463e-06,3.7469379e-06,0.88071734,0.11403946,5
2.0839564e-18,0.002912949,0.0028558837,1.3463591e-06,1.6759243e-06,0.4486501,0.545578,6
0.0,0.0,4.3107593e-09,1.0804773e-10,1.0,0.0,0.0,4
0.0,1e-44,0.00013559067,0.00017199383,0.9996924,1.9761293e-34,1.0889668e-38,4
1.3192729e-13,0.0550976,0.0034272275,4.958406e-06,1.625523e-05,0.7859744,0.15547965,5
1.447676e-39,3.8619127e-19,0.9994607,8.5498e-05,0.00045153583,2.1530343e-06,1.2086913e-07,2
9.0796146e-26,3.1785415e-08,0.0078210365,2.7897902e-06,2.5884253e-07,0.00027975105,0.9918961,6
0.9753784,0.024236457,0.000113380316,2.3332152e-06,7.156415e-05,0.00017233998,2.546189e-05,0
0.0,2.2852852e-34,0.034924977,0.96503913,3.591984e-05,2.4300115e-21,4.504093e-14,3
1.655e-41,2.893197e-22,0.9325604,0.059975088,3.024348e-06,1.4800623e-14,0.007461532,2
1.1294283e-18,0.07732557,0.052256778,1.7726854e-05,8.2700746e-05,0.83130455,0.039012622,5
0.81668496,0.18109576,0.00060958316,9.081664e-06,0.0002897748,0.0011531088,0.00015769055,1
0.0,2.04609e-40,0.61279994,0.38719672,3.3897823e-06,1.3798796e-24,1.905822e-12,2
0.9753369,0.024285363,0.00011144891,2.2506974e-06,7.031329e-05,0.00016907525,2.4608302e-05,0
5.7531404e-18,0.0013317532,0.0013632495,7.5811056e-07,1.165037e-06,0.72174025,0.27556285,5
0.0,0.0,5.852e-06,0.99999416,3.6412697e-09,4.2828833e-37,2.675608e-21,3
0.0,2.6922312e-38,0.015628109,0.9843706,1.2372129e-06,1.3329239e-25,5.1246777e-14,3
1.072869e-22,3.379605e-05,0.0021743793,6.942267e-07,1.8423624e-07,0.007238531,0.99055237,6
1.0651513e-30,3.5145542e-10,0.45861584,0.00013745313,6.3191223e-06,0.00018712679,0.54105324,6
0.0027520393,0.9526531,0.005774637,0.00014592135,0.0010900722,0.027141906,0.010442352,1
2.0481062e-13,0.06646975,0.0036650472,5.528674e-06,1.8571633e-05,0.77434593,0.15549515,5
0.9075373,0.09054957,0.0005118308,1.2491705e-05,0.0002701555,0.0009390721,0.00017955831,0
0.9753369,0.024285363,0.00011144891,2.2506974e-06,7.031329e-05,0.00016907525,2.4608302e-05,0
4.870006e-20,1.8943429e-05,0.0017569613,5.538422e-09,7.5374755e-06,0.9981992,1.735726e-05,5
2.872995e-17,0.020916196,0.020535376,1.6496182e-05,1.4550917e-05,0.012389403,0.94612795,1
2.8248325e-29,4.910306e-10,0.008686162,2.6448258e-06,8.205574e-08,5.6289053e-05,0.99125487,6
4.4071634e-20,0.016231045,0.009957121,2.646239e-06,3.551471e-06,0.49171188,0.48209375,5
1.07353685e-26,1.6508379e-09,0.01584287,6.747052e-06,4.1333416e-07,6.2173065e-05,0.98408777,6
0.0,0.0,5.8855325e-12,4.8457264e-15,1.0,0.0,0.0,4
6.9204963e-14,0.041919343,0.0030999002,4.221591e-06,1.3369926e-05,0.8000862,0.15487696,5
0.0,7.420712e-36,0.0073299343,0.99260706,6.3024716e-05,2.183265e-22,2.1780256e-16,3
0.75464886,0.23984373,0.0013684996,3.35996e-05,0.00062450435,0.0028737588,0.00060699246,1
0.0,0.0,3.1831385e-10,9.113267e-24,1.0,0.0,0.0,4
1.7600163e-13,0.15273383,0.003835053,5.114431e-06,1.977101e-05,0.7026389,0.1407673,5
1.388956e-22,3.9990082e-05,0.0021643492,6.994704e-07,1.9292632e-07,0.007860633,0.9899341,6
1.6145689e-31,5.9890146e-15,0.9795492,0.004054456,1.8145753e-05,1.038642e-12,0.016378129,2
0.0,0.0,6.6713056e-08,2.1266437e-09,1.0,0.0,0.0,4
9.673869e-21,0.00044771045,0.0027131918,8.938501e-07,5.4886823e-07,0.10470853,0.892129,6
3.715796e-11,0.82577795,0.002724214,6.7089195e-06,3.9106697e-05,0.1371439,0.03430817,1
0.9753369,0.024285363,0.00011144891,2.2506974e-06,7.031329e-05,0.00016907525,2.4608302e-05,0
2.5374723e-06,0.9579648,0.0029244511,3.68293e-05,0.00023266727,0.02798626,0.010852468,1
0.0,0.0,3.1423436e-10,3.5997054e-21,1.0,0.0,0.0,4
0.5015874,0.4861999,0.0028014749,6.912993e-05,0.0011092504,0.0066804993,0.0015524068,0
9.7108014e-08,0.96539545,0.0018432863,1.45107115e-05,9.7754535e-05,0.024232278,0.008416574,1
0.0,0.0,2.2975586e-16,3.9952223e-25,1.0,0.0,0.0,4
2.8614164e-34,1.5490544e-14,0.9959308,1.4611511e-05,0.00062239025,0.0034297109,2.5073416e-06,2
1.8062326e-31,5.423215e-13,0.8857616,0.0015594775,4.5548688e-05,4.096211e-06,0.11262933,2
0.0,0.0,3.691694e-09,1.2876421e-11,1.0,0.0,0.0,4
0.9753369,0.024285363,0.00011144891,2.2506974e-06,7.031329e-05,0.00016907525,2.4608302e-05,0
1.8273839e-06,0.9976635,0.00026093976,3.2090608e-07,2.1023516e-05,0.0019347022,0.00011773043,1
9.2862365e-08,0.12414041,0.011692454,1.3130047e-05,0.00023298674,0.8189082,0.04501279,1
0.0,3.17e-43,0.0028245286,0.9971753,2.050995e-07,3.136573e-28,4.047786e-16,3
0.0,0.0,1.357625e-06,1.9490226e-06,0.9999967,4.278e-42,0.0,4
3.4e-44,3.2393883e-22,0.97104466,0.028933762,1.4188941e-05,1.918784e-13,7.360747e-06,2
6.230899e-20,0.0025132317,0.0027482633,7.0535685e-07,1.4011378e-06,0.6981438,0.29659253,5
9.613841e-32,7.162408e-13,0.77192616,0.0006966033,2.6084577e-05,2.557234e-05,0.22732557,2
0.9753369,0.024285363,0.00011144891,2.2506974e-06,7.031329e-05,0.00016907525,2.4608302e-05,0
0.9753369,0.024285363,0.00011144891,2.2506974e-06,7.031329e-05,0.00016907525,2.4608302e-05,0
0.23250388,0.75397605,0.0029493342,6.0064416e-05,0.0010134784,0.0078346105,0.0016625774,0
0.0,2.0514342e-35,0.97023964,0.029756885,3.4309132e-06,3.6280297e-23,1.9037244e-10,2
0.0,0.0,1.5308234e-07,1.7149451e-06,0.9999981,1e-45,0.0,4
9.706287e-20,0.012161449,0.007573298,2.2498577e-06,2.7144831e-06,0.35047874,0.6297815,6
1.4004605e-33,2.9090966e-18,0.9999252,4.7256616e-08,1.6348428e-06,2.3985884e-09,7.314199e-05,2
0.0,0.0,3.9734602e-10,3.165969e-23,1.0,0.0,0.0,4
0.0,0.0,9.818631e-05,0.9999018,1.1090022e-08,9.186137e-34,1.2825997e-18,3
2.2109318e-14,0.29146266,0.002900907,2.219231e-06,1.1581456e-05,0.60864353,0.09697911,5
0.0,1e-45,1.0,1.3201606e-08,1.7607329e-07,3.110762e-29,3.3542678e-19,2
1.1185971e-16,4.121745e-06,2.8658327e-05,4.797279e-20,3.1334071e-10,0.99996716,1.5777728e-10,5
8.2465167e-29,1.871512e-11,0.06098748,5.757741e-05,1.1039358e-06,3.1830757e-06,0.93895066,6
7.6315477e-20,0.0009091395,0.0028321284,1.0695776e-06,8.29121e-07,0.17453958,0.8217172,6
0.0,0.0,2.274978e-10,2.22225e-19,1.0,0.0,0.0,4
1.6018367e-21,0.00012870073,0.0022107996,7.1627846e-07,3.168584e-07,0.046285186,0.9513743,6
0.5489398,0.4401664,0.0025346223,6.247028e-05,0.0010276259,0.0059149438,0.0013540997,1
0.9753369,0.024285363,0.00011144891,2.2506974e-06,7.031329e-05,0.00016907525,2.4608302e-05,0
1.9229501e-19,0.001373966,0.005879175,3.608e-06,1.6693876e-06,0.0058873454,0.9868542,6
2.1782862e-29,1.0291153e-11,0.06824725,6.9683745e-05,1.0616296e-06,2.1871276e-06,0.9316798,6
5.466577e-20,0.0009077326,0.003343727,1.354242e-06,8.64209e-07,0.06719008,0.92855626,6
5.9844735e-18,0.04971132,0.0058600465,2.4391952e-06,5.6727754e-06,0.70447606,0.23994444,5
1.474807e-28,6.7283813e-12,0.33612582,1.4610097e-06,1.9624056e-06,0.00054579636,0.6633251,6
7.787631e-26,3.1480006e-08,0.0076051094,2.6618563e-06,2.441451e-07,0.00028490485,0.992107,6
0.0,0.0,4.8902726e-05,0.99995106,3.8485415e-09,4.800336e-36,7.6629695e-20,3
5.016362e-35,1.474649e-21,0.8714706,2.784696e-10,0.12852949,9.061572e-13,1.2185034e-21,2
0.0,6.9853603e-37,0.046696283,0.95330226,1.4992634e-06,2.292737e-24,6.1096597e-12,2
0.0,0.0,1.520521e-05,0.99998474,4.024219e-09,3.5678792e-37,2.5120607e-21,3
0.0,0.0,2.2345152e-20,6.034135e-31,1.0,0.0,0.0,4
2.9765384e-38,1.4087972e-20,0.99823934,0.0016865764,9.110226e-06,4.889328e-16,6.4988344e-05,2
1.04993e-17,0.005518692,0.0031575991,1.7107287e-06,2.512061e-06,0.5130851,0.47823438,6
7.9697235e-14,0.044255137,0.0031683797,4.3770133e-06,1.3953329e-05,0.7974405,0.15511756,5
0.0,0.0,1.5386554e-08,2.2287354e-09,1.0,0.0,0.0,4
0.9753369,0.024285363,0.00011144891,2.2506974e-06,7.031329e-05,0.00016907525,2.4608302e-05,0
7.0703e-41,3.8477663e-17,0.99884045,0.0011252201,3.1559026e-05,2.5774698e-08,2.78728e-06,2
0.5441461,0.44483888,0.0025601874,6.311481e-05,0.0010360122,0.0059844307,0.0013713045,1
0.0,0.0,2.6261267e-07,0.9999999,2.2810183e-09,0.0,6.6764295e-27,3
5.7494294e-37,4.109875e-17,0.994681,0.0050250744,2.4765573e-05,3.4452576e-11,0.00026916224,2
7.5769066e-20,0.0001242288,0.0010084871,3.2464754e-08,2.1596213e-06,0.9979386,0.0009265491,5
0.9753976,0.024213813,0.00011427409,2.3724124e-06,7.2132636e-05,0.00017387581,2.5878862e-05,0
0.8475325,0.14917754,0.0008507911,2.0772735e-05,0.0004163534,0.0016667823,0.00033525203,1
1.5950487e-35,5.898175e-18,0.881534,0.014646237,7.705271e-06,2.8406468e-11,0.10381204,2
0.0,4.3687302e-30,0.99999994,1.4043388e-08,1.6454665e-07,5.570919e-15,2.5558668e-08,2
3.762159e-23,6.6959115e-06,0.0033661735,1.2038411e-06,2.582615e-07,0.0029076452,0.993718,6
1.1059261e-33,2.414057e-13,0.71872556,0.001213552,6.4542746e-06,3.433589e-07,0.28005406,6
2.7792085e-12,0.24021909,0.004841464,8.777367e-06,3.576909e-05,0.62066764,0.1342272,1
0.9753369,0.024285363,0.00011144891,2.2506974e-06,7.031329e-05,0.00016907525,2.4608302e-05,0
0.0,0.0,4.1346797e-09,1.9880224e-10,1.0,0.0,0.0,4
6.3980033e-13,3.9255872e-05,0.0004247092,2.3962456e-09,5.9903266e-07,0.99857956,0.0009558059,5
0.0,0.0,4.3843748e-08,8.838916e-12,1.0,0.0,0.0,4
0.0,0.0,4.1610868e-10,8.240589e-25,1.0,0.0,0.0,4
6.505475e-09,0.89622337,0.0031591807,1.647627e-05,9.794885e-05,0.07703813,0.023464873,1
1.05514645e-29,3.747428e-11,0.030062733,1.8932715e-05,3.416353e-07,7.1562567e-06,0.9699108,2
0.0,0.0,4.3077453e-05,0.9999567,2.0389268e-07,1.7939018e-32,7.1681864e-22,3
1.5620927e-12,0.2444578,0.004733838,8.185774e-06,3.374736e-05,0.6178795,0.13288696,5
0.0,0.0,1.9449868e-05,7.085849e-05,0.99990976,5.80455e-38,4.41e-43,4
5.231701e-22,0.00036313816,0.0075104875,1.9652364e-06,9.904387e-07,0.049186416,0.9429371,6
0.0,0.0,0.0014790685,0.99852055,3.431192e-07,2.67551e-39,5.0522515e-22,3
6.9204963e-14,0.041919343,0.0030999002,4.221591e-06,1.3369926e-05,0.8000862,0.15487696,5
0.9753733,0.02424243,0.00011312865,2.3225314e-06,7.143099e-05,0.00017192676,2.5360907e-05,0
0.0,0.0,5.6710916e-09,5.6001277e-11,1.0,0.0,0.0,4
1.8760219e-13,0.06085937,0.0035903181,5.3980098e-06,1.7866343e-05,0.7795197,0.15600738,5
0.0,0.0,4.992452e-10,3.8271489e-19,1.0,0.0,0.0,4
6.348749e-11,0.6800367,0.004362149,1.1739813e-05,6.061306e-05,0.2522711,0.06325773,1
0.9753369,0.024285363,0.00011144891,2.2506974e-06,7.031329e-05,0.00016907525,2.4608302e-05,0
9.4209874e-08,0.9899756,0.0006812011,2.1367769e-06,3.70096e-05,0.007988544,0.0013154335,1
1.8256067e-25,1.0474006e-07,0.0064505767,5.15101e-07,2.518077e-06,0.9818325,0.011713762,5
5.4e-43,4.1201697e-23,0.9999963,2.3533144e-07,3.4332074e-06,2.4467861e-14,1.0382324e-08,2
0.012122791,0.95053566,0.0056929216,0.00014310906,0.0012952846,0.022560466,0.0076497793,1
0.96104807,0.0381913,0.00021386586,5.2076e-06,0.00012685866,0.00035239704,6.2248735e-05,0
0.0,0.0,1.7112442e-11,5.792216e-25,1.0,0.0,0.0,4
0.00031396127,0.9455493,0.005524368,0.00013295647,0.00079292525,0.03308936,0.014597041,1
0.0,0.0,3.4569337e-11,2.354875e-14,1.0,0.0,0.0,4
5.780771e-32,3.4319882e-12,0.91660106,0.00066285004,1.9378609e-05,4.0295245e-06,0.08271268,6
1.3213161e-26,2.978279e-09,0.42264873,9.852282e-05,4.813065e-05,0.0252127,0.55199194,5
2.2917433e-10,0.0002866913,0.001589534,9.8082396e-08,7.172955e-06,0.9932423,0.004874224,5
1.6545225e-22,5.921528e-07,0.0009788503,4.7753566e-09,2.0742007e-06,0.9989879,3.0466988e-05,5
0.0,0.0,7.849943e-09,1.713813e-08,1.0,0.0,0.0,4
0.7048668,0.28836763,0.0016529108,4.0621773e-05,0.0007273232,0.003572377,0.0007724036,0
1.5398807e-10,0.5373872,0.0060567125,1.892514e-05,8.836733e-05,0.36332697,0.09312182,5
0.0,4e-45,0.9999973,1.0606987e-06,1.5722385e-06,3.513213e-32,1.4684887e-20,2
3.835589e-20,0.02327583,0.023622883,5.9299923e-06,1.13994165e-05,0.7051275,0.24795642,5
0.0,2.6764557e-35,0.00016555026,0.9998345,6.822975e-08,2.5184849e-27,1.4096204e-13,3
0.9744687,0.025127921,0.000118149845,2.475651e-06,7.329962e-05,0.0001817609,2.7694981e-05,1
0.0,1.1682829e-37,0.0057534515,0.99423057,1.5915082e-05,9.224266e-24,3.2744663e-16,3
2.3102451e-26,1.0073071e-06,0.026983196,0.0009497923,3.4873397e-06,4.5445864e-07,0.972062,6
2.9093474e-07,0.9922777,0.00061012636,1.7315098e-06,3.823537e-05,0.006212764,0.0008591808,1
0.0,0.0,6.2963124e-10,2.7100951e-21,1.0,0.0,0.0,4
2.113818e-31,9.057583e-12,0.8653656,0.00031697168,4.858775e-05,0.0015727851,0.13269606,2
0.97533715,0.024285058,0.00011146144,2.2512493e-06,7.032287e-05,0.00016909798,2.46136e-05,0
1.727e-41,6.884343e-20,0.9903331,0.009585592,1.2219937e-05,5.236794e-12,6.9134934e-05,2
0.0,0.0,3.3941466e-05,0.9999661,9.045372e-09,1.09079485e-36,3.1766908e-21,3
7.5878e-41,3.010648e-20,0.985311,0.014301588,9.256223e-06,1.4325292e-12,0.00037812977,2
1.5762326e-24,3.9455767e-06,0.0056530447,1.3901565e-06,2.7714873e-07,0.005307504,0.9890338,6
0.0,0.0,5.1408735e-09,6.039521e-11,1.0,0.0,0.0,4
0.8984428,0.09943563,0.0005641371,1.3785087e-05,0.0002929868,0.0010481072,0.0002024905,0
0.0,0.0,4.767832e-06,0.9999953,8.536816e-10,9.756e-40,3.8618064e-23,3
3.221542e-19,0.0053267186,0.0056865416,2.6221076e-06,1.9532497e-06,0.0344113,0.95457095,6
0.0,0.0,4.5276276e-09,6.419029e-11,1.0,0.0,0.0,4
3.3180825e-08,0.9967783,0.0002129846,2.883787e-07,9.535355e-06,0.0027569423,0.00024195644,1
0.0,7.255094e-30,0.14714572,0.8528278,2.6529526e-05,8.713583e-27,6.7593283e-12,2
0.0,0.0,1.6444195e-05,4.6703173e-07,0.9999832,3.3591753e-38,1e-45,4
0.12694904,0.8474547,0.0049740435,0.00012383303,0.0015399117,0.01486821,0.0040902942,0
2.0541403e-29,6.67705e-11,0.5194877,0.10623768,5.9461065e-05,2.384291e-10,0.37421516,2
0.0,1.3296391e-33,0.1212013,0.8787908,7.900669e-06,3.009044e-21,1.5814084e-11,3
1.8109779e-10,0.55554724,0.0059964536,1.9087505e-05,8.98947e-05,0.34850836,0.08983898,1
4.15838e-39,2.045324e-18,0.99363416,0.0060798978,1.7013572e-05,2.9112265e-11,0.00026888808,2
0.0,9.879504e-34,3.647621e-07,0.9999997,5.6944356e-09,9.989446e-32,4.2847334e-17,2
0.0,0.0,3.5264411e-09,1.2835019e-10,1.0,0.0,0.0,4
2.7994456e-21,0.004157174,0.022995582,4.9337923e-06,5.3139197e-06,0.359344,0.613493,5
0.0008593702,0.94817007,0.0057602604,0.00014488075,0.00093824865,0.03101806,0.013109074,1
0.0,0.0,5.638928e-06,5.4890427e-07,0.9999938,2.14355e-40,0.0,4
1.2961786e-25,7.251605e-07,0.09601617,1.9414734e-05,4.8285397e-06,0.009091108,0.8948678,6
2.10781e-18,0.14607835,0.011329538,3.9821625e-06,1.2447152e-05,0.74088395,0.10169176,6
0.0,3.3936301e-38,0.009914391,0.9900849,6.994939e-07,8.604652e-25,2.1049052e-13,3
2.599534e-16,0.12241769,0.010263157,6.8160334e-06,1.1550996e-05,0.18826827,0.67903256,6
9.748575e-22,9.9685174e-05,0.0022433267,7.672204e-07,2.707084e-07,0.016,0.981656,5
0.0,8.2746225e-34,0.0011411101,0.9988587,1.4313225e-07,2.2042798e-25,1.0407621e-11,3
0.0,0.0,0.00040648697,0.9995935,5.011321e-08,5.6720706e-32,3.9352836e-18,3
5.344316e-14,0.039187293,0.002988379,3.945455e-06,1.2399733e-05,0.8036632,0.15414472,5
1.8428974e-14,0.046658974,0.0027666416,3.0599156e-06,9.977884e-06,0.7999299,0.15063138,5
0.0,1e-45,6.3787935e-05,7.015669e-06,0.99992913,6.276236e-36,1.1681e-41,4
5.6254687e-14,0.038731575,0.0030026042,4.0052696e-06,1.2561482e-05,0.8037552,0.15449394,5
7.0020296e-20,0.017380208,0.040915754,1.1143189e-05,2.177196e-05,0.61878955,0.32288152,5
1.5320532e-28,1.1314881e-09,0.007937545,2.2600866e-06,9.343961e-08,8.760283e-05,0.9919724,6
0.0,0.0,1.6955413e-05,0.99998266,3.748084e-07,7.269048e-33,1.8086066e-23,3
0.0,0.0,4.9161314e-10,1.0,2.2738405e-11,4.2e-44,7.591589e-24,3
0.0,0.0,1.6975063e-08,2.3087011e-10,1.0,0.0,0.0,4
0.0,0.0,1.7335818e-09,1.0,1.0995615e-07,0.0,8.003232e-37,3
0.0,4.5106405e-38,0.017452884,0.98254585,1.299476e-06,1.9956982e-25,7.6947034e-14,3
0.0,0.0,1.81941e-12,0.338138,0.6618621,0.0,0.0,4
2.0268721e-17,0.008001411,0.015138006,3.980716e-06,6.5334466e-06,0.03091119,0.9459388,1
5.1609253e-34,1.1055914e-15,0.44005743,0.0018585987,3.0075398e-06,4.4474473e-09,0.558081,2
0.0,6.496602e-39,0.012166241,0.98783296,8.28098e-07,3.6742328e-26,4.4527885e-14,3
1.3614098e-27,4.891826e-09,0.016296718,6.364741e-07,6.0631787e-06,0.98121476,0.0024817865,5
0.19448593,0.7993109,0.0015191224,1.320802e-05,0.000514714,0.0037378941,0.00041818546,1
0.0,0.0,0.00013344274,0.9998662,3.445226e-07,6.6234282e-31,7.99067e-21,3
7.1e-41,3.21356e-23,0.99999917,6.1803875e-11,8.8602167e-07,2.1097502e-10,1.5136437e-09,2
0.035701644,0.9319144,0.0055304994,0.00013844496,0.001444552,0.019309638,0.0059608626,1
2.677623e-12,0.004034961,0.00060825184,2.7265e-10,7.813609e-07,0.99520665,0.00014933525,1
0.0,5.071649e-30,0.99999917,3.9695223e-08,8.607573e-07,2.464119e-13,8.62045e-11,2
0.0,9.438545e-32,0.00048350505,0.999516,5.4325096e-07,7.5288116e-25,2.6435443e-13,3
0.0,0.0,0.0003219807,0.999678,4.9185225e-08,1.0269976e-32,1.8470379e-18,3
2.2474624e-29,3.448536e-14,0.99942285,1.2874555e-06,7.841306e-06,2.0073094e-09,0.0005679716,2
2.7897912e-10,0.6075795,0.005796464,1.9487115e-05,9.4154864e-05,0.3061274,0.080382966,5
0.9753412,0.024280382,0.000111637055,2.258691e-06,7.043704e-05,0.00016940437,2.4686897e-05,0
8.4959666e-26,5.9291203e-08,0.0056252657,3.5093188e-07,2.376865e-06,0.9884175,0.0059544984,5
1.8118758e-14,0.00041830915,0.001277251,2.2692764e-06,3.890187e-06,0.8515582,0.14674005,5
8.1710553e-23,1.6280505e-06,0.007099364,3.461163e-06,6.9524043e-07,0.0010441553,0.99185073,6
0.0,0.0,1.1398078e-12,1.2235274e-17,1.0,0.0,0.0,4
0.00039246702,0.99756724,0.00036608035,6.364157e-07,5.7347694e-05,0.0015364792,7.968211e-05,1
2.3259474e-16,0.12052672,0.010738436,7.1840564e-06,1.15557705e-05,0.15493439,0.7137817,5
8.2713403e-19,0.005305602,0.005964686,3.0607157e-06,2.3108387e-06,0.039991535,0.9487328,6
0.9754501,0.024147231,0.000117960866,2.533231e-06,7.444811e-05,0.0001802079,2.7559345e-05,0
1.3657822e-13,0.35834435,0.0034206077,3.7722705e-06,1.817419e-05,0.5366715,0.10154159,5
2.1589943e-21,1.8210067e-06,0.0011254069,3.6859094e-09,3.2684202e-06,0.9988514,1.8074874e-05,5
0.9753369,0.024285363,0.00011144891,2.2506974e-06,7.031329e-05,0.00016907525,2.4608302e-05,0
0.0,0.0,3.7567935e-12,1.2195834e-22,1.0,0.0,0.0,4
3.267105e-32,8.7987174e-14,0.24397516,0.00059983943,2.2365778e-06,7.243538e-08,0.7554227,2
1.9867195e-11,0.31093714,0.0060330285,1.4819724e-05,6.176174e-05,0.5523994,0.13055384,1
0.8336129,0.15547913,0.0006901071,3.423469e-09,6.72334e-05,0.010148956,1.7423956e-06,0
4.710305e-19,0.0013086384,0.0022750031,9.5088905e-07,1.0394223e-06,0.4374746,0.55893975,5
0.9753369,0.024285363,0.00011144891,2.2506974e-06,7.031329e-05,0.00016907525,2.4608302e-05,0
1.7890378e-18,0.004529958,0.0031222096,1.374284e-06,1.7992694e-06,0.43221986,0.5601248,6
0.0,0.0,2.2734363e-13,1.274143e-18,1.0,0.0,0.0,4
0.0,6.834e-42,0.0044186693,0.99558103,2.946312e-07,1.4490127e-27,1.987823e-15,3
4.0281947e-38,2.50548e-23,0.063581705,3.07527e-08,0.93641824,1.4436838e-17,4.7229984e-26,2
0.0,4.9352065e-25,0.81842625,0.18149959,7.409027e-05,1.4620681e-15,8.613458e-09,2
1.9303293e-13,0.35102147,0.0049492186,6.421661e-06,2.7544118e-05,0.5342991,0.109696314,1
0.0,0.0,4.980682e-10,5.5802624e-24,1.0,0.0,0.0,4
0.31213954,0.6867904,0.00031765015,7.083749e-07,0.00012019703,0.00060990534,2.1538513e-05,1
0.0,0.0,6.2310894e-09,3.478431e-10,1.0,0.0,0.0,4
2.1318023e-22,4.3966925e-06,0.0064346506,3.0895587e-06,7.133592e-07,0.0014985185,0.9920586,6
1.116732e-11,0.87246215,0.0019105156,3.9344723e-06,2.4580526e-05,0.10112755,0.024471298,1
0.0,1e-45,9.6861724e-05,0.00022405224,0.9996792,2.909158e-35,2.121885e-39,4
4.241098e-18,0.004068765,0.003083928,1.5396924e-06,2.049569e-06,0.4650724,0.52777135,6
6.9204963e-14,0.041919343,0.0030999002,4.221591e-06,1.3369926e-05,0.8000862,0.15487696,5
0.0,0.0,0.0003508014,0.99964917,2.9378283e-08,1.7345774e-32,8.847486e-18,3
4.506336e-12,0.55881715,0.004068305,7.5521184e-06,3.7502035e-05,0.35644427,0.080625184,1
0.96761024,0.031766556,0.00017694742,4.283554e-06,0.00010760495,0.00028504993,4.9318973e-05,0
4.207646e-07,0.7334976,0.009000505,5.0875035e-05,0.00037247222,0.21128595,0.045792166,1
3.7058557e-38,6.562464e-19,0.99972254,1.8258355e-07,0.000277181,7.656601e-08,1.9911535e-10,2
1.7092903e-32,3.1794398e-12,0.99891824,6.1070455e-07,0.0005264482,0.00055455795,1.7544986e-07,6
9.8214994e-23,0.00083606923,0.07091443,1.14846935e-05,1.1466488e-05,0.38757434,0.5406522,6
0.0,0.0,3.9191896e-12,1.987415e-18,1.0,0.0,0.0,4
0.93208534,0.066541,0.00037467963,9.120961e-06,0.00020572194,0.0006614482,0.00012267841,0
0.078352064,0.8931804,0.005265395,0.00013139287,0.0015251174,0.016730351,0.004815325,1
1.136025e-28,2.26266e-11,0.07831479,7.258361e-05,1.5454204e-06,3.881805e-06,0.9216073,2
0.60317624,0.38740897,0.0022269792,5.480367e-05,0.0009286175,0.005066706,0.0011377112,0
0.2831626,0.71075857,0.0015133362,1.4849948e-05,0.00054230366,0.0035835877,0.00042474794,0
0.0,0.0,0.0002860384,0.99971366,2.4420473e-07,1.51333585e-30,7.5704016e-20,3
4.4186744e-20,0.0002854857,0.008863703,5.090675e-06,2.218691e-06,0.00519328,0.9856502,6
1.1864572e-27,1.7147744e-10,0.029417278,1.7701715e-05,6.3990836e-07,1.5506672e-05,0.9705488,6
0.0,3.43744e-40,0.0062823333,0.99371713,5.375289e-07,2.2037255e-27,7.919205e-15,3
0.0,2.05e-43,0.002002041,0.9979976,4.1746063e-07,1.0731422e-27,1.5124659e-16,3
0.0,0.0,1.06900595e-08,8.088044e-09,1.0,0.0,0.0,4
6.421618e-36,9.2528516e-17,0.9759744,0.0026379335,1.0129273e-05,8.566173e-09,0.02137751,2
4.92657e-40,3.140213e-18,0.9946176,0.0053351643,4.340086e-05,8.840136e-11,3.8839885e-06,2
0.0,0.0,6.1749354e-08,2.7139696e-10,1.0,0.0,0.0,4
0.0,0.0,1.0389878e-14,2.5148726e-28,1.0,0.0,0.0,4
1.7134659e-13,0.17442694,0.003875659,5.072565e-06,2.0010617e-05,0.6828114,0.13886087,5
0.0,1.0971948e-33,0.0007803477,0.99921936,2.0878046e-07,1.578748e-25,1.5298794e-12,3
0.0,0.0,0.00013871289,2.895912e-06,0.9998583,9.325319e-36,2.1558e-41,4
1.4242866e-13,0.05514448,0.0034578778,5.0638214e-06,1.6587474e-05,0.78552186,0.15585415,5
2.5552405e-19,0.00013254341,0.0013429008,1.5252594e-08,4.1515923e-06,0.9983395,0.00018091482,5
0.0,0.0,3.7469497e-05,1.2004837e-06,0.9999613,2.8497292e-37,1.06e-43,4
3.855201e-23,4.125685e-07,0.010342603,5.5762835e-06,9.484231e-07,0.00051197084,0.98913854,6
7.998219e-26,1.286235e-08,0.01077106,4.298035e-06,3.6593661e-07,0.0001639687,0.9890603,6
0.0,0.0,0.00019071481,0.9998093,4.1519343e-08,1.2436473e-33,2.898516e-19,3
2.0883989e-19,0.0045407377,0.004104614,1.4159817e-06,1.5607544e-06,0.31362835,0.6777233,6
0.9753369,0.024285363,0.00011144891,2.2506974e-06,7.031329e-05,0.00016907525,2.4608302e-05,0
0.0,0.0,3.8396912e-09,8.3981606e-11,1.0,0.0,0.0,4
0.0,3e-45,0.0007190477,0.99928087,6.563008e-08,2.7344893e-31,4.6684734e-17,3
1.1186404e-09,0.7482513,0.0048601003,1.9328678e-05,0.000101178965,0.19322632,0.05354165,1
2.4389523e-23,4.42091e-06,0.0049788537,6.7651854e-07,1.6328605e-06,0.90913194,0.0858824,5
7.3356387e-20,0.004558038,0.004860545,1.5072962e-06,1.5146675e-06,0.25870606,0.7318724,6
0.0,0.0,3.5962004e-11,8.201252e-17,1.0,0.0,0.0,4
7.410872e-32,2.3786414e-13,0.9977155,6.404642e-05,0.0010652728,0.0011456357,9.569528e-06,2
9.601295e-19,0.009142631,0.004005777,1.5416132e-06,2.546111e-06,0.6409453,0.34590223,5
6.163935e-35,4.3752763e-15,0.99724835,1.1035398e-05,0.00073110603,0.002008852,6.702191e-07,2
4.3551047e-18,0.0003895781,0.0012321797,1.2885176e-10,2.0936614e-07,0.99732006,0.0010579408,5
2.1282076e-20,0.0006796241,0.002940127,1.0374214e-06,6.708637e-07,0.093241625,0.90313697,5
6.5313394e-26,8.802265e-09,0.011858052,4.849415e-06,3.936509e-07,0.00013479075,0.98800194,6
0.12651247,0.86025757,0.0028595338,4.252384e-05,0.00089961936,0.0079907095,0.0014375867,1
0.9753369,0.024285363,0.00011144891,2.2506974e-06,7.031329e-05,0.00016907525,2.4608302e-05,0
1.0622798e-22,1.02980835e-07,0.003769619,1.8925677e-09,1.4520694e-05,0.9962142,1.5124479e-06,5
2.7666182e-23,1.564433e-05,0.0037617984,1.1269229e-06,2.79894e-07,0.0063406103,0.9898806,6
0.9753938,0.024218341,0.00011409273,2.364158e-06,7.2015595e-05,0.00017355247,2.578378e-05,0
3.753102e-29,1.6250874e-09,0.7416166,0.00017811144,2.2471937e-05,0.00059262407,0.2575902,2
5.8080696e-10,0.6939535,0.005316229,1.9692576e-05,9.96886e-05,0.23643793,0.064172976,1
0.0,0.0,2.2687468e-12,0.9423747,0.057625424,0.0,0.0,3
0.0,1.113e-42,0.0027368197,0.9972626,6.6112915e-07,2.163317e-27,7.269441e-17,3
4.6135918e-07,0.96214384,0.0022944855,2.262983e-05,0.000147751,0.025903152,0.009487663,1
0.0,0.0,0.00018994808,0.9998099,1.1771747e-07,3.8732703e-31,1.5538796e-19,3
3.578577e-21,1.00682355e-05,0.00048656118,1.0023648e-10,3.7754813e-08,0.99747616,0.0020272364,5
1.8614689e-17,0.023426838,0.009128094,6.0017624e-06,5.9942527e-06,0.055477,0.9119561,6
0.0010695629,0.9489605,0.0057752924,0.0001457109,0.00096494047,0.030406522,0.012677502,1
1.8823155e-26,1.6311294e-07,0.0062632826,1.3739726e-06,1.5036807e-07,0.0013876676,0.9923474,6
7.72162e-15,0.07514846,0.004268303,4.088656e-06,1.1810952e-05,0.6806455,0.23992182,1
0.9753369,0.024285363,0.00011144891,2.2506974e-06,7.031329e-05,0.00016907525,2.4608302e-05,0
0.0,0.0,6.7803008e-09,5.0167502e-11,1.0,0.0,0.0,4
0.4098097,0.5872633,0.0007986143,5.2736314e-06,0.00031271373,0.0016714102,0.00013893345,0
6.9204963e-14,0.041919343,0.0030999002,4.221591e-06,1.3369926e-05,0.8000862,0.15487696,5
0.97533697,0.02428526,0.00011145294,2.2508555e-06,7.0315196e-05,0.00016908268,2.461001e-05,0
3.3094601e-12,0.9711105,0.00056765234,9.876717e-07,7.85504e-06,0.0227743,0.0055386713,1
0.0,0.0,2.0616255e-11,6.747701e-24,1.0,0.0,0.0,4
5.5149467e-06,0.955811,0.0032703702,4.6154677e-05,0.00028589237,0.029021671,0.011559311,1
0.012064808,0.9505906,0.0056929733,0.00014310535,0.0012950137,0.022562508,0.00765094,1
0.00016715814,0.94585764,0.005217356,0.00011844887,0.00069348834,0.033255797,0.014690028,1
0.9753397,0.024282174,0.00011157306,2.2564575e-06,7.0400165e-05,0.00016929166,2.4663399e-05,0
0.0,0.0,7.197653e-11,1.0,3.3171306e-12,0.0,3.8574676e-26,3
0.0,0.0,0.00010935988,0.00037068027,0.99951994,6.8739e-36,1.339257e-39,4
0.97533715,0.024285033,0.00011146039,2.2511645e-06,7.032085e-05,0.0001690962,2.4612726e-05,0
6.5520986e-08,0.9649486,0.0017888593,1.3261945e-05,8.9931615e-05,0.02470996,0.008449298,1
1.29202586e-14,0.6403075,0.0085120695,7.8130715e-06,1.9991796e-05,0.084775314,0.26637727,1
1.0998143e-32,3.7718602e-13,0.21620575,0.0003197543,1.5425899e-06,3.4529546e-07,0.78347266,6
5.206815e-25,5.094087e-08,0.6859137,3.3950953e-05,3.0117206e-05,2.1788393e-05,0.31400043,6
1.9002607e-21,6.736343e-05,0.0012021397,3.324485e-07,2.3171391e-07,0.48470914,0.5140208,6
0.0,0.0,0.0002731114,0.99972695,4.7483997e-08,5.606699e-33,9.624327e-19,3
3.2329287e-31,1.1821557e-15,0.99821067,6.8039276e-07,3.5782737e-06,1.6317404e-08,0.0017849666,2
0.97439736,0.025137141,0.000134593,3.146256e-06,8.4277606e-05,0.00020904012,3.4391436e-05,0
0.0,0.0,5.973439e-10,8.601967e-21,1.0,0.0,0.0,4
0.975337,0.024285251,0.000111452755,2.250848e-06,7.031478e-05,0.00016908199,2.4609559e-05,0
0.0005823026,0.9902217,0.0013991027,9.004205e-06,0.00022371081,0.0066127824,0.00095135724,1
0.0,0.0,5.9183816e-13,1.5726006e-19,1.0,0.0,0.0,4
0.9753375,0.024284614,0.00011147506,2.25178e-06,7.0329996e-05,0.00016912303,2.461854e-05,0
2.2301825e-17,0.00575976,0.0017159636,9.572037e-07,1.9739591e-06,0.76236326,0.23015799,5
0.0,0.0,3.6072524e-05,5.757062e-06,0.9999582,1.312165e-36,1.846e-42,4
3.117177e-19,0.0021153593,0.0035300122,1.457804e-06,1.3080665e-06,0.193047,0.8013048,5
0.0,0.0,2.503035e-12,2.2881755e-17,1.0,0.0,0.0,4
0.0,0.0,4.4278026e-11,1.0,3.403373e-12,0.0,1.1071066e-25,3
0.9753369,0.024285363,0.00011144891,2.2506974e-06,7.031329e-05,0.00016907525,2.4608302e-05,0
0.0,0.0,3.113495e-11,8.276085e-15,1.0,0.0,0.0,4
3.0249217e-28,2.307765e-09,0.0066213417,1.7123656e-06,8.2976086e-08,0.00013285535,0.99324393,6
0.9007543,0.09717774,0.00055073836,1.3475518e-05,0.00028704124,0.0010200324,0.00019667686,0
1.6154226e-19,0.002920827,0.0028711061,9.890973e-07,1.4983274e-06,0.7351808,0.25902477,6
0.0,0.0,1.4044978e-10,4.5866037e-27,1.0,0.0,0.0,4
0.882526,0.11500319,0.000650814,1.5933207e-05,0.00033239662,0.0012308311,0.00024084818,0
5.618311e-37,5.1060215e-19,0.8937915,0.029002808,4.1679073e-06,3.6311576e-13,0.07720147,2
0.0,0.0,4.3732435e-09,2.0407289e-25,1.0,0.0,0.0,4
5.557085e-20,6.3576714e-05,0.009030422,1.4993333e-07,1.7968443e-05,0.9897699,0.0011180721,5
9.8837174e-33,2.3235867e-13,0.99367636,9.372435e-05,0.00034449817,0.005598795,0.00028653807,2
1.5666836e-05,0.9528254,0.0037829832,6.192235e-05,0.00037606852,0.030402202,0.012535748,1
0.9753369,0.024285363,0.00011144891,2.2506974e-06,7.031329e-05,0.00016907525,2.4608302e-05,0
0.0,0.0,0.00033188594,0.99966806,4.3845787e-08,1.4781129e-32,5.089992e-18,3
0.0,0.0,3.951817e-09,2.2532168e-10,1.0,0.0,0.0,4
9.595148e-25,6.452915e-08,0.005973465,2.6685445e-06,3.2156478e-07,0.00020836532,0.9938151,6
1.6706064e-10,0.5924016,0.005638583,1.7645829e-05,8.5169355e-05,0.31952167,0.08233534,5
2.987896e-07,0.9630568,0.0021343564,1.8214438e-05,0.00012832481,0.02599219,0.008669736,1
0.97533906,0.024282888,0.000111540794,2.2546374e-06,7.037423e-05,0.00016924102,2.464668e-05,0
0.0,0.0,1.800005e-08,3.739412e-10,1.0,0.0,0.0,4
0.9753369,0.024285363,0.00011144891,2.2506974e-06,7.031329e-05,0.00016907525,2.4608302e-05,0
5.48726e-16,0.05945737,0.0025887117,3.6961393e-07,7.729552e-06,0.91997975,0.017966041,5
0.9753684,0.024248267,0.00011290741,2.3131854e-06,7.125668e-05,0.00017154936,2.5258509e-05,0
1.934211e-13,0.4601776,0.003218362,3.2633257e-06,1.8243085e-05,0.45667455,0.079908,5
5.1798206e-06,0.1946464,0.013072405,3.60502e-06,0.00032738436,0.7819375,0.010007513,5
0.0,0.0,0.0006379508,0.99936205,2.3457094e-08,2.0862425e-31,2.1241368e-16,3
